[{"model": "contenttypes.contenttype", "pk": 1, "fields": {"app_label": "admin", "model": "logentry"}}, {"model": "contenttypes.contenttype", "pk": 2, "fields": {"app_label": "auth", "model": "permission"}}, {"model": "contenttypes.contenttype", "pk": 3, "fields": {"app_label": "auth", "model": "group"}}, {"model": "contenttypes.contenttype", "pk": 4, "fields": {"app_label": "contenttypes", "model": "contenttype"}}, {"model": "contenttypes.contenttype", "pk": 5, "fields": {"app_label": "sessions", "model": "session"}}, {"model": "contenttypes.contenttype", "pk": 6, "fields": {"app_label": "authtoken", "model": "token"}}, {"model": "contenttypes.contenttype", "pk": 7, "fields": {"app_label": "events_app", "model": "comment"}}, {"model": "contenttypes.contenttype", "pk": 8, "fields": {"app_label": "events_app", "model": "commentattachment"}}, {"model": "contenttypes.contenttype", "pk": 9, "fields": {"app_label": "events_app", "model": "event"}}, {"model": "contenttypes.contenttype", "pk": 10, "fields": {"app_label": "events_app", "model": "eventidea"}}, {"model": "contenttypes.contenttype", "pk": 11, "fields": {"app_label": "events_app", "model": "eventidearate"}}, {"model": "contenttypes.contenttype", "pk": 12, "fields": {"app_label": "events_app", "model": "eventparticipant"}}, {"model": "contenttypes.contenttype", "pk": 13, "fields": {"app_label": "group_management_app", "model": "groupmember"}}, {"model": "contenttypes.contenttype", "pk": 14, "fields": {"app_label": "group_management_app", "model": "projectgroup"}}, {"model": "contenttypes.contenttype", "pk": 15, "fields": {"app_label": "ideas_app", "model": "note"}}, {"model": "contenttypes.contenttype", "pk": 16, "fields": {"app_label": "ideas_app", "model": "noteattachment"}}, {"model": "contenttypes.contenttype", "pk": 17, "fields": {"app_label": "messages_app", "model": "attachment"}}, {"model": "contenttypes.contenttype", "pk": 18, "fields": {"app_label": "messages_app", "model": "message"}}, {"model": "contenttypes.contenttype", "pk": 19, "fields": {"app_label": "messages_app", "model": "messageaddressee"}}, {"model": "contenttypes.contenttype", "pk": 20, "fields": {"app_label": "messages_app", "model": "messageattachment"}}, {"model": "contenttypes.contenttype", "pk": 21, "fields": {"app_label": "tasks_app", "model": "task"}}, {"model": "contenttypes.contenttype", "pk": 22, "fields": {"app_label": "users_app", "model": "user"}}, {"model": "contenttypes.contenttype", "pk": 23, "fields": {"app_label": "users_app", "model": "proffession"}}, {"model": "contenttypes.contenttype", "pk": 24, "fields": {"app_label": "users_app", "model": "resetpasswordtoken"}}, {"model": "sessions.session", "pk": "ovbdamrfofws1vr193i8n3z09sa30kdg", "fields": {"session_data": "OTMzN2U1ZGI4MDlhNDk5YzI3NmVjM2VmMDM2YWYyNzY1MTViZWNkMDp7Il9hdXRoX3VzZXJfaWQiOiIxIiwiX2F1dGhfdXNlcl9iYWNrZW5kIjoiZGphbmdvLmNvbnRyaWIuYXV0aC5iYWNrZW5kcy5Nb2RlbEJhY2tlbmQiLCJfYXV0aF91c2VyX2hhc2giOiIwMTcxMjllZmQ1OTU4YmFkY2ZlMDU2NTRhNDM0OWUxM2U4ZjQ0NjlmIn0=", "expire_date": "2019-04-27T15:16:47.883Z"}}, {"model": "users_app.proffession", "pk": 1, "fields": {"proffession_name": "Administrator", "proffession_description": ""}}, {"model": "users_app.proffession", "pk": 2, "fields": {"proffession_name": "Programmer", "proffession_description": ""}}, {"model": "users_app.proffession", "pk": 3, "fields": {"proffession_name": "Project manager", "proffession_description": ""}}, {"model": "users_app.proffession", "pk": 4, "fields": {"proffession_name": "Software Architect", "proffession_description": ""}}, {"model": "users_app.user", "pk": 1, "fields": {"password": "pbkdf2_sha256$120000$zOGq58XzfPHM$agCJSYzjxjA9JlqG0Vc3Put47puCuaDEJY+FGsePTuY=", "last_login": "2019-04-13T15:16:47.871Z", "email": "tom@gmail.com", "name": "derp", "surname": "admin_derp", "birth_date": null, "register_date": "2019-04-13T15:16:25.518Z", "staff": true, "admin": true, "active": true, "role": "MAN", "proffession": [1]}}, {"model": "users_app.user", "pk": 2, "fields": {"password": "pbkdf2_sha256$120000$ihCqC7mV9YTY$LDnno0xXjbzk1l6gDtBTnxrcyryAi4fHuFjJXyqwzKQ=", "last_login": null, "email": "test@gmail.com", "name": "derp", "surname": "derpington", "birth_date": "2019-04-13", "register_date": "2019-04-13T15:17:55.376Z", "staff": true, "admin": false, "active": true, "role": "REG", "proffession": [2]}}, {"model": "users_app.user", "pk": 3, "fields": {"password": "pbkdf2_sha256$120000$xMd6EaUPNCGb$NLkUQa6EgjeMJrg+/rR/dYuKcy3ctDjb4bfSldwbQIE=", "last_login": null, "email": "manager@gmail.com", "name": "derp", "surname": "derpington", "birth_date": "2019-04-13", "register_date": "2019-04-13T15:18:38.122Z", "staff": true, "admin": false, "active": true, "role": "MAN", "proffession": [3, 4]}}, {"model": "messages_app.messageaddressee", "pk": 21, "fields": {"message": 11, "addressee": 1}}, {"model": "messages_app.messageaddressee", "pk": 22, "fields": {"message": 11, "addressee": 3}}, {"model": "messages_app.messageaddressee", "pk": 23, "fields": {"message": 12, "addressee": 2}}, {"model": "messages_app.messageaddressee", "pk": 24, "fields": {"message": 13, "addressee": 2}}, {"model": "messages_app.messageaddressee", "pk": 25, "fields": {"message": 14, "addressee": 1}}, {"model": "messages_app.messageaddressee", "pk": 26, "fields": {"message": 14, "addressee": 3}}, {"model": "messages_app.messageaddressee", "pk": 27, "fields": {"message": 15, "addressee": 1}}, {"model": "messages_app.messageaddressee", "pk": 28, "fields": {"message": 15, "addressee": 2}}, {"model": "messages_app.messageaddressee", "pk": 29, "fields": {"message": 15, "addressee": 3}}, {"model": "messages_app.messageaddressee", "pk": 30, "fields": {"message": 16, "addressee": 1}}, {"model": "messages_app.messageaddressee", "pk": 31, "fields": {"message": 16, "addressee": 2}}, {"model": "messages_app.messageaddressee", "pk": 32, "fields": {"message": 17, "addressee": 1}}, {"model": "messages_app.messageaddressee", "pk": 33, "fields": {"message": 17, "addressee": 2}}, {"model": "messages_app.messageaddressee", "pk": 34, "fields": {"message": 18, "addressee": 1}}, {"model": "messages_app.messageaddressee", "pk": 35, "fields": {"message": 19, "addressee": 1}}, {"model": "messages_app.message", "pk": 11, "fields": {"title": "membership canceled", "content": "Your membership in group `New project group with members` was canceled by group manager `derp admin_derp`. \n THIS MESSAGE WAS GENERATED AUTOMATICLY, PLEASE DO NOT REPLY", "sent_date": "2019-04-13T18:31:29.766Z", "attached_note": null, "sender": 1}}, {"model": "messages_app.message", "pk": 12, "fields": {"title": "membership canceled", "content": "Your membership in group `New project group with members` was canceled by group manager `derp admin_derp`. \n THIS MESSAGE WAS GENERATED AUTOMATICLY, PLEASE DO NOT REPLY", "sent_date": "2019-04-13T18:35:49.886Z", "attached_note": null, "sender": 1}}, {"model": "messages_app.message", "pk": 13, "fields": {"title": "membership canceled", "content": "Your membership in group `New project group with members` was canceled by group manager `derp admin_derp`. \n THIS MESSAGE WAS GENERATED AUTOMATICLY, PLEASE DO NOT REPLY", "sent_date": "2019-04-13T18:44:40.998Z", "attached_note": null, "sender": 1}}, {"model": "messages_app.message", "pk": 14, "fields": {"title": "membership canceled", "content": "Your membership in group `New project group with members` was canceled by group manager `derp admin_derp`. \n THIS MESSAGE WAS GENERATED AUTOMATICLY, PLEASE DO NOT REPLY", "sent_date": "2019-04-13T18:44:47.316Z", "attached_note": null, "sender": 1}}, {"model": "messages_app.message", "pk": 15, "fields": {"title": "membership granted", "content": "You are now member of group`New project group with members`, granted by `derp admin_derp`. \n THIS MESSAGE WAS GENERATED AUTOMATICLY, PLEASE DO NOT REPLY", "sent_date": "2019-04-13T18:44:50.164Z", "attached_note": null, "sender": 1}}, {"model": "messages_app.message", "pk": 16, "fields": {"title": "membership canceled", "content": "Your membership in group `New project group with members` was canceled by group manager `derp admin_derp`. \n THIS MESSAGE WAS GENERATED AUTOMATICLY, PLEASE DO NOT REPLY", "sent_date": "2019-04-13T18:44:56.464Z", "attached_note": null, "sender": 1}}, {"model": "messages_app.message", "pk": 17, "fields": {"title": "membership granted", "content": "You are now member of group`New project group with members`, granted by `derp admin_derp`. \n THIS MESSAGE WAS GENERATED AUTOMATICLY, PLEASE DO NOT REPLY", "sent_date": "2019-04-13T18:45:00.339Z", "attached_note": null, "sender": 1}}, {"model": "messages_app.message", "pk": 18, "fields": {"title": "message to myself new", "content": "message cotent", "sent_date": "2019-04-16T21:03:20.537Z", "attached_note": null, "sender": 1}}, {"model": "messages_app.message", "pk": 19, "fields": {"title": "message to myself new", "content": "message cotent new", "sent_date": "2019-04-16T21:03:25.512Z", "attached_note": null, "sender": 1}}, {"model": "group_management_app.groupmember", "pk": 15, "fields": {"user": 1, "group": 8}}, {"model": "group_management_app.groupmember", "pk": 16, "fields": {"user": 3, "group": 8}}, {"model": "group_management_app.groupmember", "pk": 17, "fields": {"user": 3, "group": 1}}, {"model": "group_management_app.groupmember", "pk": 28, "fields": {"user": 3, "group": 6}}, {"model": "group_management_app.groupmember", "pk": 29, "fields": {"user": 1, "group": 6}}, {"model": "group_management_app.groupmember", "pk": 30, "fields": {"user": 2, "group": 6}}, {"model": "group_management_app.projectgroup", "pk": 1, "fields": {"group_name": "New project group", "project_name": "Master degree project", "project_description": "some stuff goes there", "creation_date": "2019-04-13T15:44:00.391Z", "planned_start_date": "2019-04-13T15:44:00.391Z", "planned_end_date": "2019-09-10T12:30:00Z", "status": "ProjectGroupStatus.ACTIVE", "creator": 1}}, {"model": "group_management_app.projectgroup", "pk": 5, "fields": {"group_name": "New project group with members", "project_name": "Master degree project", "project_description": "some stuff goes there", "creation_date": "2019-04-13T15:52:38.342Z", "planned_start_date": "2019-04-13T15:52:38.342Z", "planned_end_date": "2019-09-10T12:30:00Z", "status": "ProjectGroupStatus.ACTIVE", "creator": 1}}, {"model": "group_management_app.projectgroup", "pk": 6, "fields": {"group_name": "New project group with members", "project_name": "Master degree project", "project_description": "some stuff goes there", "creation_date": "2019-04-13T17:22:12.276Z", "planned_start_date": "2019-04-13T17:22:12.276Z", "planned_end_date": "2019-09-10T12:30:00Z", "status": "ACTIVE", "creator": 1}}, {"model": "group_management_app.projectgroup", "pk": 7, "fields": {"group_name": "New project group with members", "project_name": "Master degree project", "project_description": "some stuff goes there", "creation_date": "2019-04-13T17:45:40.490Z", "planned_start_date": "2019-04-13T17:45:40.490Z", "planned_end_date": "2019-09-10T12:30:00Z", "status": "ProjectGroupStatus.ACTIVE", "creator": 1}}, {"model": "group_management_app.projectgroup", "pk": 8, "fields": {"group_name": "New project group with members duplicates", "project_name": "Master degree project", "project_description": "some stuff goes there", "creation_date": "2019-04-13T17:46:41.022Z", "planned_start_date": "2019-04-13T17:46:41.022Z", "planned_end_date": "2019-09-10T12:30:00Z", "status": "ProjectGroupStatus.ACTIVE", "creator": 1}}, {"model": "authtoken.token", "pk": "4a660b6abfaef47a2190ce528081fcd90aca4ba9", "fields": {"user": 2, "created": "2019-04-13T19:06:00.510Z"}}, {"model": "authtoken.token", "pk": "b49e1693b31ea3415255a9a6fac4559139ea18d7", "fields": {"user": 1, "created": "2019-04-13T15:31:32.168Z"}}, {"model": "auth.permission", "pk": 1, "fields": {"name": "Can add log entry", "content_type": 1, "codename": "add_logentry"}}, {"model": "auth.permission", "pk": 2, "fields": {"name": "Can change log entry", "content_type": 1, "codename": "change_logentry"}}, {"model": "auth.permission", "pk": 3, "fields": {"name": "Can delete log entry", "content_type": 1, "codename": "delete_logentry"}}, {"model": "auth.permission", "pk": 4, "fields": {"name": "Can view log entry", "content_type": 1, "codename": "view_logentry"}}, {"model": "auth.permission", "pk": 5, "fields": {"name": "Can add permission", "content_type": 2, "codename": "add_permission"}}, {"model": "auth.permission", "pk": 6, "fields": {"name": "Can change permission", "content_type": 2, "codename": "change_permission"}}, {"model": "auth.permission", "pk": 7, "fields": {"name": "Can delete permission", "content_type": 2, "codename": "delete_permission"}}, {"model": "auth.permission", "pk": 8, "fields": {"name": "Can view permission", "content_type": 2, "codename": "view_permission"}}, {"model": "auth.permission", "pk": 9, "fields": {"name": "Can add group", "content_type": 3, "codename": "add_group"}}, {"model": "auth.permission", "pk": 10, "fields": {"name": "Can change group", "content_type": 3, "codename": "change_group"}}, {"model": "auth.permission", "pk": 11, "fields": {"name": "Can delete group", "content_type": 3, "codename": "delete_group"}}, {"model": "auth.permission", "pk": 12, "fields": {"name": "Can view group", "content_type": 3, "codename": "view_group"}}, {"model": "auth.permission", "pk": 13, "fields": {"name": "Can add content type", "content_type": 4, "codename": "add_contenttype"}}, {"model": "auth.permission", "pk": 14, "fields": {"name": "Can change content type", "content_type": 4, "codename": "change_contenttype"}}, {"model": "auth.permission", "pk": 15, "fields": {"name": "Can delete content type", "content_type": 4, "codename": "delete_contenttype"}}, {"model": "auth.permission", "pk": 16, "fields": {"name": "Can view content type", "content_type": 4, "codename": "view_contenttype"}}, {"model": "auth.permission", "pk": 17, "fields": {"name": "Can add session", "content_type": 5, "codename": "add_session"}}, {"model": "auth.permission", "pk": 18, "fields": {"name": "Can change session", "content_type": 5, "codename": "change_session"}}, {"model": "auth.permission", "pk": 19, "fields": {"name": "Can delete session", "content_type": 5, "codename": "delete_session"}}, {"model": "auth.permission", "pk": 20, "fields": {"name": "Can view session", "content_type": 5, "codename": "view_session"}}, {"model": "auth.permission", "pk": 21, "fields": {"name": "Can add Token", "content_type": 6, "codename": "add_token"}}, {"model": "auth.permission", "pk": 22, "fields": {"name": "Can change Token", "content_type": 6, "codename": "change_token"}}, {"model": "auth.permission", "pk": 23, "fields": {"name": "Can delete Token", "content_type": 6, "codename": "delete_token"}}, {"model": "auth.permission", "pk": 24, "fields": {"name": "Can view Token", "content_type": 6, "codename": "view_token"}}, {"model": "auth.permission", "pk": 25, "fields": {"name": "Can add comment", "content_type": 7, "codename": "add_comment"}}, {"model": "auth.permission", "pk": 26, "fields": {"name": "Can change comment", "content_type": 7, "codename": "change_comment"}}, {"model": "auth.permission", "pk": 27, "fields": {"name": "Can delete comment", "content_type": 7, "codename": "delete_comment"}}, {"model": "auth.permission", "pk": 28, "fields": {"name": "Can view comment", "content_type": 7, "codename": "view_comment"}}, {"model": "auth.permission", "pk": 29, "fields": {"name": "Can add comment attachment", "content_type": 8, "codename": "add_commentattachment"}}, {"model": "auth.permission", "pk": 30, "fields": {"name": "Can change comment attachment", "content_type": 8, "codename": "change_commentattachment"}}, {"model": "auth.permission", "pk": 31, "fields": {"name": "Can delete comment attachment", "content_type": 8, "codename": "delete_commentattachment"}}, {"model": "auth.permission", "pk": 32, "fields": {"name": "Can view comment attachment", "content_type": 8, "codename": "view_commentattachment"}}, {"model": "auth.permission", "pk": 33, "fields": {"name": "Can add event", "content_type": 9, "codename": "add_event"}}, {"model": "auth.permission", "pk": 34, "fields": {"name": "Can change event", "content_type": 9, "codename": "change_event"}}, {"model": "auth.permission", "pk": 35, "fields": {"name": "Can delete event", "content_type": 9, "codename": "delete_event"}}, {"model": "auth.permission", "pk": 36, "fields": {"name": "Can view event", "content_type": 9, "codename": "view_event"}}, {"model": "auth.permission", "pk": 37, "fields": {"name": "Can add event idea", "content_type": 10, "codename": "add_eventidea"}}, {"model": "auth.permission", "pk": 38, "fields": {"name": "Can change event idea", "content_type": 10, "codename": "change_eventidea"}}, {"model": "auth.permission", "pk": 39, "fields": {"name": "Can delete event idea", "content_type": 10, "codename": "delete_eventidea"}}, {"model": "auth.permission", "pk": 40, "fields": {"name": "Can view event idea", "content_type": 10, "codename": "view_eventidea"}}, {"model": "auth.permission", "pk": 41, "fields": {"name": "Can add event idea rate", "content_type": 11, "codename": "add_eventidearate"}}, {"model": "auth.permission", "pk": 42, "fields": {"name": "Can change event idea rate", "content_type": 11, "codename": "change_eventidearate"}}, {"model": "auth.permission", "pk": 43, "fields": {"name": "Can delete event idea rate", "content_type": 11, "codename": "delete_eventidearate"}}, {"model": "auth.permission", "pk": 44, "fields": {"name": "Can view event idea rate", "content_type": 11, "codename": "view_eventidearate"}}, {"model": "auth.permission", "pk": 45, "fields": {"name": "Can add event participant", "content_type": 12, "codename": "add_eventparticipant"}}, {"model": "auth.permission", "pk": 46, "fields": {"name": "Can change event participant", "content_type": 12, "codename": "change_eventparticipant"}}, {"model": "auth.permission", "pk": 47, "fields": {"name": "Can delete event participant", "content_type": 12, "codename": "delete_eventparticipant"}}, {"model": "auth.permission", "pk": 48, "fields": {"name": "Can view event participant", "content_type": 12, "codename": "view_eventparticipant"}}, {"model": "auth.permission", "pk": 49, "fields": {"name": "Can add group member", "content_type": 13, "codename": "add_groupmember"}}, {"model": "auth.permission", "pk": 50, "fields": {"name": "Can change group member", "content_type": 13, "codename": "change_groupmember"}}, {"model": "auth.permission", "pk": 51, "fields": {"name": "Can delete group member", "content_type": 13, "codename": "delete_groupmember"}}, {"model": "auth.permission", "pk": 52, "fields": {"name": "Can view group member", "content_type": 13, "codename": "view_groupmember"}}, {"model": "auth.permission", "pk": 53, "fields": {"name": "Can add project group", "content_type": 14, "codename": "add_projectgroup"}}, {"model": "auth.permission", "pk": 54, "fields": {"name": "Can change project group", "content_type": 14, "codename": "change_projectgroup"}}, {"model": "auth.permission", "pk": 55, "fields": {"name": "Can delete project group", "content_type": 14, "codename": "delete_projectgroup"}}, {"model": "auth.permission", "pk": 56, "fields": {"name": "Can view project group", "content_type": 14, "codename": "view_projectgroup"}}, {"model": "auth.permission", "pk": 57, "fields": {"name": "Can add note", "content_type": 15, "codename": "add_note"}}, {"model": "auth.permission", "pk": 58, "fields": {"name": "Can change note", "content_type": 15, "codename": "change_note"}}, {"model": "auth.permission", "pk": 59, "fields": {"name": "Can delete note", "content_type": 15, "codename": "delete_note"}}, {"model": "auth.permission", "pk": 60, "fields": {"name": "Can view note", "content_type": 15, "codename": "view_note"}}, {"model": "auth.permission", "pk": 61, "fields": {"name": "Can add note attachment", "content_type": 16, "codename": "add_noteattachment"}}, {"model": "auth.permission", "pk": 62, "fields": {"name": "Can change note attachment", "content_type": 16, "codename": "change_noteattachment"}}, {"model": "auth.permission", "pk": 63, "fields": {"name": "Can delete note attachment", "content_type": 16, "codename": "delete_noteattachment"}}, {"model": "auth.permission", "pk": 64, "fields": {"name": "Can view note attachment", "content_type": 16, "codename": "view_noteattachment"}}, {"model": "auth.permission", "pk": 65, "fields": {"name": "Can add attachment", "content_type": 17, "codename": "add_attachment"}}, {"model": "auth.permission", "pk": 66, "fields": {"name": "Can change attachment", "content_type": 17, "codename": "change_attachment"}}, {"model": "auth.permission", "pk": 67, "fields": {"name": "Can delete attachment", "content_type": 17, "codename": "delete_attachment"}}, {"model": "auth.permission", "pk": 68, "fields": {"name": "Can view attachment", "content_type": 17, "codename": "view_attachment"}}, {"model": "auth.permission", "pk": 69, "fields": {"name": "Can add message", "content_type": 18, "codename": "add_message"}}, {"model": "auth.permission", "pk": 70, "fields": {"name": "Can change message", "content_type": 18, "codename": "change_message"}}, {"model": "auth.permission", "pk": 71, "fields": {"name": "Can delete message", "content_type": 18, "codename": "delete_message"}}, {"model": "auth.permission", "pk": 72, "fields": {"name": "Can view message", "content_type": 18, "codename": "view_message"}}, {"model": "auth.permission", "pk": 73, "fields": {"name": "Can add message addressee", "content_type": 19, "codename": "add_messageaddressee"}}, {"model": "auth.permission", "pk": 74, "fields": {"name": "Can change message addressee", "content_type": 19, "codename": "change_messageaddressee"}}, {"model": "auth.permission", "pk": 75, "fields": {"name": "Can delete message addressee", "content_type": 19, "codename": "delete_messageaddressee"}}, {"model": "auth.permission", "pk": 76, "fields": {"name": "Can view message addressee", "content_type": 19, "codename": "view_messageaddressee"}}, {"model": "auth.permission", "pk": 77, "fields": {"name": "Can add message attachment", "content_type": 20, "codename": "add_messageattachment"}}, {"model": "auth.permission", "pk": 78, "fields": {"name": "Can change message attachment", "content_type": 20, "codename": "change_messageattachment"}}, {"model": "auth.permission", "pk": 79, "fields": {"name": "Can delete message attachment", "content_type": 20, "codename": "delete_messageattachment"}}, {"model": "auth.permission", "pk": 80, "fields": {"name": "Can view message attachment", "content_type": 20, "codename": "view_messageattachment"}}, {"model": "auth.permission", "pk": 81, "fields": {"name": "Can add task", "content_type": 21, "codename": "add_task"}}, {"model": "auth.permission", "pk": 82, "fields": {"name": "Can change task", "content_type": 21, "codename": "change_task"}}, {"model": "auth.permission", "pk": 83, "fields": {"name": "Can delete task", "content_type": 21, "codename": "delete_task"}}, {"model": "auth.permission", "pk": 84, "fields": {"name": "Can view task", "content_type": 21, "codename": "view_task"}}, {"model": "auth.permission", "pk": 85, "fields": {"name": "Can add user", "content_type": 22, "codename": "add_user"}}, {"model": "auth.permission", "pk": 86, "fields": {"name": "Can change user", "content_type": 22, "codename": "change_user"}}, {"model": "auth.permission", "pk": 87, "fields": {"name": "Can delete user", "content_type": 22, "codename": "delete_user"}}, {"model": "auth.permission", "pk": 88, "fields": {"name": "Can view user", "content_type": 22, "codename": "view_user"}}, {"model": "auth.permission", "pk": 89, "fields": {"name": "Can add proffession", "content_type": 23, "codename": "add_proffession"}}, {"model": "auth.permission", "pk": 90, "fields": {"name": "Can change proffession", "content_type": 23, "codename": "change_proffession"}}, {"model": "auth.permission", "pk": 91, "fields": {"name": "Can delete proffession", "content_type": 23, "codename": "delete_proffession"}}, {"model": "auth.permission", "pk": 92, "fields": {"name": "Can view proffession", "content_type": 23, "codename": "view_proffession"}}, {"model": "auth.permission", "pk": 93, "fields": {"name": "Can add reset password token", "content_type": 24, "codename": "add_resetpasswordtoken"}}, {"model": "auth.permission", "pk": 94, "fields": {"name": "Can change reset password token", "content_type": 24, "codename": "change_resetpasswordtoken"}}, {"model": "auth.permission", "pk": 95, "fields": {"name": "Can delete reset password token", "content_type": 24, "codename": "delete_resetpasswordtoken"}}, {"model": "auth.permission", "pk": 96, "fields": {"name": "Can view reset password token", "content_type": 24, "codename": "view_resetpasswordtoken"}}, {"model": "admin.logentry", "pk": 1, "fields": {"action_time": "2019-04-13T15:17:18.193Z", "user": 1, "content_type": 23, "object_id": "1", "object_repr": "Administrator", "action_flag": 1, "change_message": "[{\"added\": {}}]"}}, {"model": "admin.logentry", "pk": 2, "fields": {"action_time": "2019-04-13T15:17:21.456Z", "user": 1, "content_type": 22, "object_id": "1", "object_repr": "tom@gmail.com", "action_flag": 2, "change_message": "[{\"changed\": {\"fields\": [\"role\", \"proffession\"]}}]"}}, {"model": "admin.logentry", "pk": 3, "fields": {"action_time": "2019-04-13T15:17:55.387Z", "user": 1, "content_type": 22, "object_id": "2", "object_repr": "test@gmail.com", "action_flag": 1, "change_message": "[{\"added\": {}}]"}}, {"model": "admin.logentry", "pk": 4, "fields": {"action_time": "2019-04-13T15:18:04.489Z", "user": 1, "content_type": 23, "object_id": "2", "object_repr": "Programmer", "action_flag": 1, "change_message": "[{\"added\": {}}]"}}, {"model": "admin.logentry", "pk": 5, "fields": {"action_time": "2019-04-13T15:18:23.797Z", "user": 1, "content_type": 22, "object_id": "2", "object_repr": "test@gmail.com", "action_flag": 2, "change_message": "[{\"changed\": {\"fields\": [\"birth_date\", \"role\", \"proffession\", \"staff\"]}}]"}}, {"model": "admin.logentry", "pk": 6, "fields": {"action_time": "2019-04-13T15:18:38.122Z", "user": 1, "content_type": 22, "object_id": "3", "object_repr": "manager@gmail.com", "action_flag": 1, "change_message": "[{\"added\": {}}]"}}, {"model": "admin.logentry", "pk": 7, "fields": {"action_time": "2019-04-13T15:18:48Z", "user": 1, "content_type": 23, "object_id": "3", "object_repr": "Project manager", "action_flag": 1, "change_message": "[{\"added\": {}}]"}}, {"model": "admin.logentry", "pk": 8, "fields": {"action_time": "2019-04-13T15:18:56.438Z", "user": 1, "content_type": 23, "object_id": "4", "object_repr": "Software Architect", "action_flag": 1, "change_message": "[{\"added\": {}}]"}}, {"model": "admin.logentry", "pk": 9, "fields": {"action_time": "2019-04-13T15:19:15.660Z", "user": 1, "content_type": 22, "object_id": "3", "object_repr": "manager@gmail.com", "action_flag": 2, "change_message": "[{\"changed\": {\"fields\": [\"birth_date\", \"role\", \"proffession\", \"staff\"]}}]"}}, {"model": "admin.logentry", "pk": 10, "fields": {"action_time": "2019-04-13T15:46:02.905Z", "user": 1, "content_type": 14, "object_id": "2", "object_repr": "ProjectGroup object (2)", "action_flag": 3, "change_message": ""}}, {"model": "admin.logentry", "pk": 11, "fields": {"action_time": "2019-04-13T15:52:22.848Z", "user": 1, "content_type": 14, "object_id": "4", "object_repr": "ProjectGroup object (4)", "action_flag": 3, "change_message": ""}}, {"model": "admin.logentry", "pk": 12, "fields": {"action_time": "2019-04-13T15:52:22.863Z", "user": 1, "content_type": 14, "object_id": "3", "object_repr": "ProjectGroup object (3)", "action_flag": 3, "change_message": ""}}, {"model": "admin.logentry", "pk": 13, "fields": {"action_time": "2019-04-13T18:28:13.258Z", "user": 1, "content_type": 18, "object_id": "10", "object_repr": "Message object (10)", "action_flag": 3, "change_message": ""}}, {"model": "admin.logentry", "pk": 14, "fields": {"action_time": "2019-04-13T18:28:13.269Z", "user": 1, "content_type": 18, "object_id": "9", "object_repr": "Message object (9)", "action_flag": 3, "change_message": ""}}, {"model": "admin.logentry", "pk": 15, "fields": {"action_time": "2019-04-13T18:28:13.274Z", "user": 1, "content_type": 18, "object_id": "8", "object_repr": "Message object (8)", "action_flag": 3, "change_message": ""}}, {"model": "admin.logentry", "pk": 16, "fields": {"action_time": "2019-04-13T18:28:13.296Z", "user": 1, "content_type": 18, "object_id": "7", "object_repr": "Message object (7)", "action_flag": 3, "change_message": ""}}, {"model": "admin.logentry", "pk": 17, "fields": {"action_time": "2019-04-13T18:28:13.307Z", "user": 1, "content_type": 18, "object_id": "6", "object_repr": "Message object (6)", "action_flag": 3, "change_message": ""}}, {"model": "admin.logentry", "pk": 18, "fields": {"action_time": "2019-04-13T18:28:13.313Z", "user": 1, "content_type": 18, "object_id": "5", "object_repr": "Message object (5)", "action_flag": 3, "change_message": ""}}, {"model": "admin.logentry", "pk": 19, "fields": {"action_time": "2019-04-13T18:28:13.319Z", "user": 1, "content_type": 18, "object_id": "4", "object_repr": "Message object (4)", "action_flag": 3, "change_message": ""}}, {"model": "admin.logentry", "pk": 20, "fields": {"action_time": "2019-04-13T18:28:13.325Z", "user": 1, "content_type": 18, "object_id": "3", "object_repr": "Message object (3)", "action_flag": 3, "change_message": ""}}, {"model": "admin.logentry", "pk": 21, "fields": {"action_time": "2019-04-13T18:28:13.331Z", "user": 1, "content_type": 18, "object_id": "2", "object_repr": "Message object (2)", "action_flag": 3, "change_message": ""}}, {"model": "admin.logentry", "pk": 22, "fields": {"action_time": "2019-04-13T18:28:13.337Z", "user": 1, "content_type": 18, "object_id": "1", "object_repr": "Message object (1)", "action_flag": 3, "change_message": ""}}]